no;NFET
no;ÞFET
no;ÞGFET
no;EFET
no;NFETgr
no;ÞFETgr
no;ÞGFETgr
no;EFETgr
no;NFFT
no;ÞFFT
no;ÞGFFT
no;EFFT
no;NFFTgr
no;ÞFFTgr
no;ÞGFFTgr
no;EFFTgr
kk;NFET
kk;ÞFET
kk;ÞGFET
kk;EFET
kk;NFETgr
kk;ÞFETgr
kk;ÞGFETgr
kk;EFETgr
kk;NFFT
kk;ÞFFT
kk;ÞGFFT
kk;EFFT
kk;NFFTgr
kk;ÞFFTgr
kk;ÞGFFTgr
kk;EFFTgr
kvk;NFET
kvk;ÞFET
kvk;ÞGFET
kvk;EFET
kvk;NFETgr
kvk;ÞFETgr
kvk;ÞGFETgr
kvk;EFETgr
kvk;NFFT
kvk;ÞFFT
kvk;ÞGFFT
kvk;EFFT
kvk;NFFTgr
kvk;ÞFFTgr
kvk;ÞGFFTgr
kvk;EFFTgr
hk;NFET
hk;ÞFET
hk;ÞGFET
hk;EFET
hk;NFETgr
hk;ÞFETgr
hk;ÞGFETgr
hk;EFETgr
hk;NFFT
hk;ÞFFT
hk;ÞGFFT
hk;EFFT
hk;NFFTgr
hk;ÞFFTgr
hk;ÞGFFTgr
hk;EFFTgr
so;GM-NH
so;GM-NH-ÞT
so;GM-FH-NT-1P-ET
so;GM-FH-NT-2P-ET
so;GM-FH-NT-3P-ET
so;GM-FH-NT-1P-FT
so;GM-FH-NT-2P-FT
so;GM-FH-NT-3P-FT
so;GM-FH-ÞT-1P-ET
so;GM-FH-ÞT-2P-ET
so;GM-FH-ÞT-3P-ET
so;GM-FH-ÞT-1P-FT
so;GM-FH-ÞT-2P-FT
so;GM-FH-ÞT-3P-FT
so;GM-VH-NT-1P-ET
so;GM-VH-NT-2P-ET
so;GM-VH-NT-3P-ET
so;GM-VH-NT-1P-FT
so;GM-VH-NT-2P-FT
so;GM-VH-NT-3P-FT
so;GM-VH-ÞT-1P-ET
so;GM-VH-ÞT-2P-ET
so;GM-VH-ÞT-3P-ET
so;GM-VH-ÞT-1P-FT
so;GM-VH-ÞT-2P-FT
so;GM-VH-ÞT-3P-FT
so;MM-NH
so;MM-FH-NT-1P-ET
so;MM-FH-NT-2P-ET
so;MM-FH-NT-3P-ET
so;MM-FH-NT-1P-FT
so;MM-FH-NT-2P-FT
so;MM-FH-NT-3P-FT
so;MM-FH-ÞT-1P-ET
so;MM-FH-ÞT-2P-ET
so;MM-FH-ÞT-3P-ET
so;MM-FH-ÞT-1P-FT
so;MM-FH-ÞT-2P-FT
so;MM-FH-ÞT-3P-FT
so;MM-VH-NT-1P-ET
so;MM-VH-NT-2P-ET
so;MM-VH-NT-3P-ET
so;MM-VH-NT-1P-FT
so;MM-VH-NT-2P-FT
so;MM-VH-NT-3P-FT
so;MM-VH-ÞT-1P-ET
so;MM-VH-ÞT-2P-ET
so;MM-VH-ÞT-3P-ET
so;MM-VH-ÞT-1P-FT
so;MM-VH-ÞT-2P-FT
so;MM-VH-ÞT-3P-FT
so;OP-ÞF-GM-FH-NT-1P-ET
so;OP-ÞF-GM-FH-NT-2P-ET
so;OP-ÞF-GM-FH-NT-3P-ET
so;OP-ÞF-GM-FH-NT-1P-FT
so;OP-ÞF-GM-FH-NT-2P-FT
so;OP-ÞF-GM-FH-NT-3P-FT
so;OP-ÞF-GM-FH-ÞT-1P-ET
so;OP-ÞF-GM-FH-ÞT-2P-ET
so;OP-ÞF-GM-FH-ÞT-3P-ET
so;OP-ÞF-GM-FH-ÞT-1P-FT
so;OP-ÞF-GM-FH-ÞT-2P-FT
so;OP-ÞF-GM-FH-ÞT-3P-FT
so;OP-ÞF-GM-VH-NT-1P-ET
so;OP-ÞF-GM-VH-NT-2P-ET
so;OP-ÞF-GM-VH-NT-3P-ET
so;OP-ÞF-GM-VH-NT-1P-FT
so;OP-ÞF-GM-VH-NT-2P-FT
so;OP-ÞF-GM-VH-NT-3P-FT
so;OP-ÞF-GM-VH-ÞT-1P-ET
so;OP-ÞF-GM-VH-ÞT-2P-ET
so;OP-ÞF-GM-VH-ÞT-3P-ET
so;OP-ÞF-GM-VH-ÞT-1P-FT
so;OP-ÞF-GM-VH-ÞT-2P-FT
so;OP-ÞF-GM-VH-ÞT-3P-FT
so;OP-ÞF-MM-FH-NT-1P-ET
so;OP-ÞF-MM-FH-NT-2P-ET
so;OP-ÞF-MM-FH-NT-3P-ET
so;OP-ÞF-MM-FH-NT-1P-FT
so;OP-ÞF-MM-FH-NT-2P-FT
so;OP-ÞF-MM-FH-NT-3P-FT
so;OP-ÞF-MM-FH-ÞT-1P-ET
so;OP-ÞF-MM-FH-ÞT-2P-ET
so;OP-ÞF-MM-FH-ÞT-3P-ET
so;OP-ÞF-MM-FH-ÞT-1P-FT
so;OP-ÞF-MM-FH-ÞT-2P-FT
so;OP-ÞF-MM-FH-ÞT-3P-FT
so;OP-ÞF-MM-VH-NT-1P-ET
so;OP-ÞF-MM-VH-NT-2P-ET
so;OP-ÞF-MM-VH-NT-3P-ET
so;OP-ÞF-MM-VH-NT-1P-FT
so;OP-ÞF-MM-VH-NT-2P-FT
so;OP-ÞF-MM-VH-NT-3P-FT
so;OP-ÞF-MM-VH-ÞT-1P-ET
so;OP-ÞF-MM-VH-ÞT-2P-ET
so;OP-ÞF-MM-VH-ÞT-3P-ET
so;OP-ÞF-MM-VH-ÞT-1P-FT
so;OP-ÞF-MM-VH-ÞT-2P-FT
so;OP-ÞF-MM-VH-ÞT-3P-FT
so;OP-ÞGF-GM-FH-NT-1P-ET
so;OP-ÞGF-GM-FH-NT-2P-ET
so;OP-ÞGF-GM-FH-NT-3P-ET
so;OP-ÞGF-GM-FH-NT-1P-FT
so;OP-ÞGF-GM-FH-NT-2P-FT
so;OP-ÞGF-GM-FH-NT-3P-FT
so;OP-ÞGF-GM-FH-ÞT-1P-ET
so;OP-ÞGF-GM-FH-ÞT-2P-ET
so;OP-ÞGF-GM-FH-ÞT-3P-ET
so;OP-ÞGF-GM-FH-ÞT-1P-FT
so;OP-ÞGF-GM-FH-ÞT-2P-FT
so;OP-ÞGF-GM-FH-ÞT-3P-FT
so;OP-ÞGF-GM-VH-NT-1P-ET
so;OP-ÞGF-GM-VH-NT-2P-ET
so;OP-ÞGF-GM-VH-NT-3P-ET
so;OP-ÞGF-GM-VH-NT-1P-FT
so;OP-ÞGF-GM-VH-NT-2P-FT
so;OP-ÞGF-GM-VH-NT-3P-FT
so;OP-ÞGF-GM-VH-ÞT-1P-ET
so;OP-ÞGF-GM-VH-ÞT-2P-ET
so;OP-ÞGF-GM-VH-ÞT-3P-ET
so;OP-ÞGF-GM-VH-ÞT-1P-FT
so;OP-ÞGF-GM-VH-ÞT-2P-FT
so;OP-ÞGF-GM-VH-ÞT-3P-FT
so;OP-ÞGF-MM-FH-NT-1P-ET
so;OP-ÞGF-MM-FH-NT-2P-ET
so;OP-ÞGF-MM-FH-NT-3P-ET
so;OP-ÞGF-MM-FH-NT-1P-FT
so;OP-ÞGF-MM-FH-NT-2P-FT
so;OP-ÞGF-MM-FH-NT-3P-FT
so;OP-ÞGF-MM-FH-ÞT-1P-ET
so;OP-ÞGF-MM-FH-ÞT-2P-ET
so;OP-ÞGF-MM-FH-ÞT-3P-ET
so;OP-ÞGF-MM-FH-ÞT-1P-FT
so;OP-ÞGF-MM-FH-ÞT-2P-FT
so;OP-ÞGF-MM-FH-ÞT-3P-FT
so;OP-ÞGF-MM-VH-NT-1P-ET
so;OP-ÞGF-MM-VH-NT-2P-ET
so;OP-ÞGF-MM-VH-NT-3P-ET
so;OP-ÞGF-MM-VH-NT-1P-FT
so;OP-ÞGF-MM-VH-NT-2P-FT
so;OP-ÞGF-MM-VH-NT-3P-FT
so;OP-ÞGF-MM-VH-ÞT-1P-ET
so;OP-ÞGF-MM-VH-ÞT-2P-ET
so;OP-ÞGF-MM-VH-ÞT-3P-ET
so;OP-ÞGF-MM-VH-ÞT-1P-FT
so;OP-ÞGF-MM-VH-ÞT-2P-FT
so;OP-ÞGF-MM-VH-ÞT-3P-FT
so;OP-EF-GM-FH-NT-1P-ET
so;OP-EF-GM-FH-NT-2P-ET
so;OP-EF-GM-FH-NT-3P-ET
so;OP-EF-GM-FH-NT-1P-FT
so;OP-EF-GM-FH-NT-2P-FT
so;OP-EF-GM-FH-NT-3P-FT
so;OP-EF-GM-FH-ÞT-1P-ET
so;OP-EF-GM-FH-ÞT-2P-ET
so;OP-EF-GM-FH-ÞT-3P-ET
so;OP-EF-GM-FH-ÞT-1P-FT
so;OP-EF-GM-FH-ÞT-2P-FT
so;OP-EF-GM-FH-ÞT-3P-FT
so;OP-EF-GM-VH-NT-1P-ET
so;OP-EF-GM-VH-NT-2P-ET
so;OP-EF-GM-VH-NT-3P-ET
so;OP-EF-GM-VH-NT-1P-FT
so;OP-EF-GM-VH-NT-2P-FT
so;OP-EF-GM-VH-NT-3P-FT
so;OP-EF-GM-VH-ÞT-1P-ET
so;OP-EF-GM-VH-ÞT-2P-ET
so;OP-EF-GM-VH-ÞT-3P-ET
so;OP-EF-GM-VH-ÞT-1P-FT
so;OP-EF-GM-VH-ÞT-2P-FT
so;OP-EF-GM-VH-ÞT-3P-FT
so;OP-EF-MM-FH-NT-1P-ET
so;OP-EF-MM-FH-NT-2P-ET
so;OP-EF-MM-FH-NT-3P-ET
so;OP-EF-MM-FH-NT-1P-FT
so;OP-EF-MM-FH-NT-2P-FT
so;OP-EF-MM-FH-NT-3P-FT
so;OP-EF-MM-FH-ÞT-1P-ET
so;OP-EF-MM-FH-ÞT-2P-ET
so;OP-EF-MM-FH-ÞT-3P-ET
so;OP-EF-MM-FH-ÞT-1P-FT
so;OP-EF-MM-FH-ÞT-2P-FT
so;OP-EF-MM-FH-ÞT-3P-FT
so;OP-EF-MM-VH-NT-1P-ET
so;OP-EF-MM-VH-NT-2P-ET
so;OP-EF-MM-VH-NT-3P-ET
so;OP-EF-MM-VH-NT-1P-FT
so;OP-EF-MM-VH-NT-2P-FT
so;OP-EF-MM-VH-NT-3P-FT
so;OP-EF-MM-VH-ÞT-1P-ET
so;OP-EF-MM-VH-ÞT-2P-ET
so;OP-EF-MM-VH-ÞT-3P-ET
so;OP-EF-MM-VH-ÞT-1P-FT
so;OP-EF-MM-VH-ÞT-2P-FT
so;OP-EF-MM-VH-ÞT-3P-FT
so;OP-það-GM-FH-NT-1P-ET
so;OP-það-GM-FH-NT-2P-ET
so;OP-það-GM-FH-NT-3P-ET
so;OP-það-GM-FH-NT-1P-FT
so;OP-það-GM-FH-NT-2P-FT
so;OP-það-GM-FH-NT-3P-FT
so;OP-það-GM-FH-ÞT-1P-ET
so;OP-það-GM-FH-ÞT-2P-ET
so;OP-það-GM-FH-ÞT-3P-ET
so;OP-það-GM-FH-ÞT-1P-FT
so;OP-það-GM-FH-ÞT-2P-FT
so;OP-það-GM-FH-ÞT-3P-FT
so;OP-það-GM-VH-NT-1P-ET
so;OP-það-GM-VH-NT-2P-ET
so;OP-það-GM-VH-NT-3P-ET
so;OP-það-GM-VH-NT-1P-FT
so;OP-það-GM-VH-NT-2P-FT
so;OP-það-GM-VH-NT-3P-FT
so;OP-það-GM-VH-ÞT-1P-ET
so;OP-það-GM-VH-ÞT-2P-ET
so;OP-það-GM-VH-ÞT-3P-ET
so;OP-það-GM-VH-ÞT-1P-FT
so;OP-það-GM-VH-ÞT-2P-FT
so;OP-það-GM-VH-ÞT-3P-FT
so;OP-það-MM-FH-NT-1P-ET
so;OP-það-MM-FH-NT-2P-ET
so;OP-það-MM-FH-NT-3P-ET
so;OP-það-MM-FH-NT-1P-FT
so;OP-það-MM-FH-NT-2P-FT
so;OP-það-MM-FH-NT-3P-FT
so;OP-það-MM-FH-ÞT-1P-ET
so;OP-það-MM-FH-ÞT-2P-ET
so;OP-það-MM-FH-ÞT-3P-ET
so;OP-það-MM-FH-ÞT-1P-FT
so;OP-það-MM-FH-ÞT-2P-FT
so;OP-það-MM-FH-ÞT-3P-FT
so;OP-það-MM-VH-NT-1P-ET
so;OP-það-MM-VH-NT-2P-ET
so;OP-það-MM-VH-NT-3P-ET
so;OP-það-MM-VH-NT-1P-FT
so;OP-það-MM-VH-NT-2P-FT
so;OP-það-MM-VH-NT-3P-FT
so;OP-það-MM-VH-ÞT-1P-ET
so;OP-það-MM-VH-ÞT-2P-ET
so;OP-það-MM-VH-ÞT-3P-ET
so;OP-það-MM-VH-ÞT-1P-FT
so;OP-það-MM-VH-ÞT-2P-FT
so;OP-það-MM-VH-ÞT-3P-FT
so;GM-BH-ST
so;GM-BH-ET
so;GM-BH-FT
so;MM-BH-ST
so;MM-BH-ET
so;MM-BH-FT
so;LHNT
so;GM-SAGNB
so;MM-SAGNB
so;LHÞT-SB-KK-NFET
so;LHÞT-SB-KK-ÞFET
so;LHÞT-SB-KK-ÞGFET
so;LHÞT-SB-KK-EFET
so;LHÞT-SB-KVK-NFET
so;LHÞT-SB-KVK-ÞFET
so;LHÞT-SB-KVK-ÞGFET
so;LHÞT-SB-KVK-EFET
so;LHÞT-SB-HK-NFET
so;LHÞT-SB-HK-ÞFET
so;LHÞT-SB-HK-ÞGFET
so;LHÞT-SB-HK-EFET
so;LHÞT-SB-KK-NFFT
so;LHÞT-SB-KK-ÞFFT
so;LHÞT-SB-KK-ÞGFFT
so;LHÞT-SB-KK-EFFT
so;LHÞT-SB-KVK-NFFT
so;LHÞT-SB-KVK-ÞFFT
so;LHÞT-SB-KVK-ÞGFFT
so;LHÞT-SB-KVK-EFFT
so;LHÞT-SB-HK-NFFT
so;LHÞT-SB-HK-ÞFFT
so;LHÞT-SB-HK-ÞGFFT
so;LHÞT-SB-HK-EFFT
so;LHÞT-VB-KK-NFET
so;LHÞT-VB-KK-ÞFET
so;LHÞT-VB-KK-ÞGFET
so;LHÞT-VB-KK-EFET
so;LHÞT-VB-KVK-NFET
so;LHÞT-VB-KVK-ÞFET
so;LHÞT-VB-KVK-ÞGFET
so;LHÞT-VB-KVK-EFET
so;LHÞT-VB-HK-NFET
so;LHÞT-VB-HK-ÞFET
so;LHÞT-VB-HK-ÞGFET
so;LHÞT-VB-HK-EFET
so;LHÞT-VB-KK-NFFT
so;LHÞT-VB-KK-ÞFFT
so;LHÞT-VB-KK-ÞGFFT
so;LHÞT-VB-KK-EFFT
so;LHÞT-VB-KVK-NFFT
so;LHÞT-VB-KVK-ÞFFT
so;LHÞT-VB-KVK-ÞGFFT
so;LHÞT-VB-KVK-EFFT
so;LHÞT-VB-HK-NFFT
so;LHÞT-VB-HK-ÞFFT
so;LHÞT-VB-HK-ÞGFFT
so;LHÞT-VB-HK-EFFT
so;SP-GM-FH-NT-2P-ET
so;SP-GM-FH-NT-2P-FT
so;SP-GM-FH-ÞT-2P-ET
so;SP-GM-FH-ÞT-2P-FT
so;SP-GM-VH-NT-2P-ET
so;SP-GM-VH-NT-2P-FT
so;SP-GM-VH-ÞT-2P-ET
so;SP-GM-VH-ÞT-2P-FT
so;SP-MM-FH-NT-2P-ET
so;SP-MM-FH-NT-2P-FT
so;SP-MM-FH-ÞT-2P-ET
so;SP-MM-FH-ÞT-2P-FT
so;SP-MM-VH-NT-2P-ET
so;SP-MM-VH-NT-2P-FT
so;SP-MM-VH-ÞT-2P-ET
so;SP-MM-VH-ÞT-2P-FT
lo;FSB-KK-NFET
lo;FSB-KK-ÞFET
lo;FSB-KK-ÞGFET
lo;FSB-KK-EFET
lo;FSB-KVK-NFET
lo;FSB-KVK-ÞFET
lo;FSB-KVK-ÞGFET
lo;FSB-KVK-EFET
lo;FSB-HK-NFET
lo;FSB-HK-ÞFET
lo;FSB-HK-ÞGFET
lo;FSB-HK-EFET
lo;FSB-KK-NFFT
lo;FSB-KK-ÞFFT
lo;FSB-KK-ÞGFFT
lo;FSB-KK-EFFT
lo;FSB-KVK-NFFT
lo;FSB-KVK-ÞFFT
lo;FSB-KVK-ÞGFFT
lo;FSB-KVK-EFFT
lo;FSB-HK-NFFT
lo;FSB-HK-ÞFFT
lo;FSB-HK-ÞGFFT
lo;FSB-HK-EFFT
lo;FVB-KK-NFET
lo;FVB-KK-ÞFET
lo;FVB-KK-ÞGFET
lo;FVB-KK-EFET
lo;FVB-KVK-NFET
lo;FVB-KVK-ÞFET
lo;FVB-KVK-ÞGFET
lo;FVB-KVK-EFET
lo;FVB-HK-NFET
lo;FVB-HK-ÞFET
lo;FVB-HK-ÞGFET
lo;FVB-HK-EFET
lo;FVB-KK-NFFT
lo;FVB-KK-ÞFFT
lo;FVB-KK-ÞGFFT
lo;FVB-KK-EFFT
lo;FVB-KVK-NFFT
lo;FVB-KVK-ÞFFT
lo;FVB-KVK-ÞGFFT
lo;FVB-KVK-EFFT
lo;FVB-HK-NFFT
lo;FVB-HK-ÞFFT
lo;FVB-HK-ÞGFFT
lo;FVB-HK-EFFT
lo;MST-KK-NFET
lo;MST-KK-ÞFET
lo;MST-KK-ÞGFET
lo;MST-KK-EFET
lo;MST-KVK-NFET
lo;MST-KVK-ÞFET
lo;MST-KVK-ÞGFET
lo;MST-KVK-EFET
lo;MST-HK-NFET
lo;MST-HK-ÞFET
lo;MST-HK-ÞGFET
lo;MST-HK-EFET
lo;MST-KK-NFFT
lo;MST-KK-ÞFFT
lo;MST-KK-ÞGFFT
lo;MST-KK-EFFT
lo;MST-KVK-NFFT
lo;MST-KVK-ÞFFT
lo;MST-KVK-ÞGFFT
lo;MST-KVK-EFFT
lo;MST-HK-NFFT
lo;MST-HK-ÞFFT
lo;MST-HK-ÞGFFT
lo;MST-HK-EFFT
lo;ESB-KK-NFET
lo;ESB-KK-ÞFET
lo;ESB-KK-ÞGFET
lo;ESB-KK-EFET
lo;ESB-KVK-NFET
lo;ESB-KVK-ÞFET
lo;ESB-KVK-ÞGFET
lo;ESB-KVK-EFET
lo;ESB-HK-NFET
lo;ESB-HK-ÞFET
lo;ESB-HK-ÞGFET
lo;ESB-HK-EFET
lo;ESB-KK-NFFT
lo;ESB-KK-ÞFFT
lo;ESB-KK-ÞGFFT
lo;ESB-KK-EFFT
lo;ESB-KVK-NFFT
lo;ESB-KVK-ÞFFT
lo;ESB-KVK-ÞGFFT
lo;ESB-KVK-EFFT
lo;ESB-HK-NFFT
lo;ESB-HK-ÞFFT
lo;ESB-HK-ÞGFFT
lo;ESB-HK-EFFT
lo;EVB-KK-NFET
lo;EVB-KK-ÞFET
lo;EVB-KK-ÞGFET
lo;EVB-KK-EFET
lo;EVB-KVK-NFET
lo;EVB-KVK-ÞFET
lo;EVB-KVK-ÞGFET
lo;EVB-KVK-EFET
lo;EVB-HK-NFET
lo;EVB-HK-ÞFET
lo;EVB-HK-ÞGFET
lo;EVB-HK-EFET
lo;EVB-KK-NFFT
lo;EVB-KK-ÞFFT
lo;EVB-KK-ÞGFFT
lo;EVB-KK-EFFT
lo;EVB-KVK-NFFT
lo;EVB-KVK-ÞFFT
lo;EVB-KVK-ÞGFFT
lo;EVB-KVK-EFFT
lo;EVB-HK-NFFT
lo;EVB-HK-ÞFFT
lo;EVB-HK-ÞGFFT
lo;EVB-HK-EFFT
lo;FSB-KK-NFET-SERST
lo;FSB-KK-ÞFET-SERST
lo;FSB-KK-ÞGFET-SERST
lo;FSB-KK-EFET-SERST
lo;FSB-KVK-NFET-SERST
lo;FSB-KVK-ÞFET-SERST
lo;FSB-KVK-ÞGFET-SERST
lo;FSB-KVK-EFET-SERST
lo;FSB-HK-NFET-SERST
lo;FSB-HK-ÞFET-SERST
lo;FSB-HK-ÞGFET-SERST
lo;FSB-HK-EFET-SERST
lo;FSB-KK-NFFT-SERST
lo;FSB-KK-ÞFFT-SERST
lo;FSB-KK-ÞGFFT-SERST
lo;FSB-KK-EFFT-SERST
lo;FSB-KVK-NFFT-SERST
lo;FSB-KVK-ÞFFT-SERST
lo;FSB-KVK-ÞGFFT-SERST
lo;FSB-KVK-EFFT-SERST
lo;FSB-HK-NFFT-SERST
lo;FSB-HK-ÞFFT-SERST
lo;FSB-HK-ÞGFFT-SERST
lo;FSB-HK-EFFT-SERST
lo;FVB-KK-NFET-SERST
lo;FVB-KK-ÞFET-SERST
lo;FVB-KK-ÞGFET-SERST
lo;FVB-KK-EFET-SERST
lo;FVB-KVK-NFET-SERST
lo;FVB-KVK-ÞFET-SERST
lo;FVB-KVK-ÞGFET-SERST
lo;FVB-KVK-EFET-SERST
lo;FVB-HK-NFET-SERST
lo;FVB-HK-ÞFET-SERST
lo;FVB-HK-ÞGFET-SERST
lo;FVB-HK-EFET-SERST
lo;FVB-KK-NFFT-SERST
lo;FVB-KK-ÞFFT-SERST
lo;FVB-KK-ÞGFFT-SERST
lo;FVB-KK-EFFT-SERST
lo;FVB-KVK-NFFT-SERST
lo;FVB-KVK-ÞFFT-SERST
lo;FVB-KVK-ÞGFFT-SERST
lo;FVB-KVK-EFFT-SERST
lo;FVB-HK-NFFT-SERST
lo;FVB-HK-ÞFFT-SERST
lo;FVB-HK-ÞGFFT-SERST
lo;FVB-HK-EFFT-SERST
lo;MST-KK-NFET-SERST
lo;MST-KK-ÞFET-SERST
lo;MST-KK-ÞGFET-SERST
lo;MST-KK-EFET-SERST
lo;MST-KVK-NFET-SERST
lo;MST-KVK-ÞFET-SERST
lo;MST-KVK-ÞGFET-SERST
lo;MST-KVK-EFET-SERST
lo;MST-HK-NFET-SERST
lo;MST-HK-ÞFET-SERST
lo;MST-HK-ÞGFET-SERST
lo;MST-HK-EFET-SERST
lo;MST-KK-NFFT-SERST
lo;MST-KK-ÞFFT-SERST
lo;MST-KK-ÞGFFT-SERST
lo;MST-KK-EFFT-SERST
lo;MST-KVK-NFFT-SERST
lo;MST-KVK-ÞFFT-SERST
lo;MST-KVK-ÞGFFT-SERST
lo;MST-KVK-EFFT-SERST
lo;MST-HK-NFFT-SERST
lo;MST-HK-ÞFFT-SERST
lo;MST-HK-ÞGFFT-SERST
lo;MST-HK-EFFT-SERST
lo;ESB-KK-NFET-SERST
lo;ESB-KK-ÞFET-SERST
lo;ESB-KK-ÞGFET-SERST
lo;ESB-KK-EFET-SERST
lo;ESB-KVK-NFET-SERST
lo;ESB-KVK-ÞFET-SERST
lo;ESB-KVK-ÞGFET-SERST
lo;ESB-KVK-EFET-SERST
lo;ESB-HK-NFET-SERST
lo;ESB-HK-ÞFET-SERST
lo;ESB-HK-ÞGFET-SERST
lo;ESB-HK-EFET-SERST
lo;ESB-KK-NFFT-SERST
lo;ESB-KK-ÞFFT-SERST
lo;ESB-KK-ÞGFFT-SERST
lo;ESB-KK-EFFT-SERST
lo;ESB-KVK-NFFT-SERST
lo;ESB-KVK-ÞFFT-SERST
lo;ESB-KVK-ÞGFFT-SERST
lo;ESB-KVK-EFFT-SERST
lo;ESB-HK-NFFT-SERST
lo;ESB-HK-ÞFFT-SERST
lo;ESB-HK-ÞGFFT-SERST
lo;ESB-HK-EFFT-SERST
lo;EVB-KK-NFET-SERST
lo;EVB-KK-ÞFET-SERST
lo;EVB-KK-ÞGFET-SERST
lo;EVB-KK-EFET-SERST
lo;EVB-KVK-NFET-SERST
lo;EVB-KVK-ÞFET-SERST
lo;EVB-KVK-ÞGFET-SERST
lo;EVB-KVK-EFET-SERST
lo;EVB-HK-NFET-SERST
lo;EVB-HK-ÞFET-SERST
lo;EVB-HK-ÞGFET-SERST
lo;EVB-HK-EFET-SERST
lo;EVB-KK-NFFT-SERST
lo;EVB-KK-ÞFFT-SERST
lo;EVB-KK-ÞGFFT-SERST
lo;EVB-KK-EFFT-SERST
lo;EVB-KVK-NFFT-SERST
lo;EVB-KVK-ÞFFT-SERST
lo;EVB-KVK-ÞGFFT-SERST
lo;EVB-KVK-EFFT-SERST
lo;EVB-HK-NFFT-SERST
lo;EVB-HK-ÞFFT-SERST
lo;EVB-HK-ÞGFFT-SERST
lo;EVB-HK-EFFT-SERST
afn;ÞF
afn;ÞGF
afn;EF
ao;FST
ao;MST
ao;EST
ao;OBEYGJANLEGT
fn;KK-NFET
fn;KK-ÞFET
fn;KK-ÞGFET
fn;KK-EFET
fn;KVK-NFET
fn;KVK-ÞFET
fn;KVK-ÞGFET
fn;KVK-EFET
fn;HK-NFET
fn;HK-ÞFET
fn;HK-ÞGFET
fn;HK-EFET
fn;KK-NFFT
fn;KK-ÞFFT
fn;KK-ÞGFFT
fn;KK-EFFT
fn;KVK-NFFT
fn;KVK-ÞFFT
fn;KVK-ÞGFFT
fn;KVK-EFFT
fn;HK-NFFT
fn;HK-ÞFFT
fn;HK-ÞGFFT
fn;HK-EFFT
fn;KK-NFET-SERST
fn;KK-ÞFET-SERST
fn;KK-ÞGFET-SERST
fn;KK-EFET-SERST
fn;KVK-NFET-SERST
fn;KVK-ÞFET-SERST
fn;KVK-ÞGFET-SERST
fn;KVK-EFET-SERST
fn;HK-NFET-SERST
fn;HK-ÞFET-SERST
fn;HK-ÞGFET-SERST
fn;HK-EFET-SERST
fn;KK-NFFT-SERST
fn;KK-ÞFFT-SERST
fn;KK-ÞGFFT-SERST
fn;KK-EFFT-SERST
fn;KVK-NFFT-SERST
fn;KVK-ÞFFT-SERST
fn;KVK-ÞGFFT-SERST
fn;KVK-EFFT-SERST
fn;HK-NFFT-SERST
fn;HK-ÞFFT-SERST
fn;HK-ÞGFFT-SERST
fn;HK-EFFT-SERST
pfn;NFET
pfn;ÞFET
pfn;ÞGFET
pfn;EFET
pfn;NFFT
pfn;ÞFFT
pfn;ÞGFFT
pfn;EFFT
nhm;OBEYGJANLEGT
abfn;ÞF
abfn;ÞGF
abfn;EF
rt;KK-NFET
rt;KK-ÞFET
rt;KK-ÞGFET
rt;KK-EFET
rt;KVK-NFET
rt;KVK-ÞFET
rt;KVK-ÞGFET
rt;KVK-EFET
rt;HK-NFET
rt;HK-ÞFET
rt;HK-ÞGFET
rt;HK-EFET
rt;KK-NFFT
rt;KK-ÞFFT
rt;KK-ÞGFFT
rt;KK-EFFT
rt;KVK-NFFT
rt;KVK-ÞFFT
rt;KVK-ÞGFFT
rt;KVK-EFFT
rt;HK-NFFT
rt;HK-ÞFFT
rt;HK-ÞGFFT
rt;HK-EFFT
gr;KK-NFET
gr;KK-ÞFET
gr;KK-ÞGFET
gr;KK-EFET
gr;KVK-NFET
gr;KVK-ÞFET
gr;KVK-ÞGFET
gr;KVK-EFET
gr;HK-NFET
gr;HK-ÞFET
gr;HK-ÞGFET
gr;HK-EFET
gr;KK-NFFT
gr;KK-ÞFFT
gr;KK-ÞGFFT
gr;KK-EFFT
gr;KVK-NFFT
gr;KVK-ÞFFT
gr;KVK-ÞGFFT
gr;KVK-EFFT
gr;HK-NFFT
gr;HK-ÞFFT
gr;HK-ÞGFFT
gr;HK-EFFT
gr;KK-NFET-SERST
gr;KK-ÞFET-SERST
gr;KK-ÞGFET-SERST
gr;KK-EFET-SERST
gr;KVK-NFET-SERST
gr;KVK-ÞFET-SERST
gr;KVK-ÞGFET-SERST
gr;KVK-EFET-SERST
gr;HK-NFET-SERST
gr;HK-ÞFET-SERST
gr;HK-ÞGFET-SERST
gr;HK-EFET-SERST
gr;KK-NFFT-SERST
gr;KK-ÞFFT-SERST
gr;KK-ÞGFFT-SERST
gr;KK-EFFT-SERST
gr;KVK-NFFT-SERST
gr;KVK-ÞFFT-SERST
gr;KVK-ÞGFFT-SERST
gr;KVK-EFFT-SERST
gr;HK-NFFT-SERST
gr;HK-ÞFFT-SERST
gr;HK-ÞGFFT-SERST
gr;HK-EFFT-SERST
to;KK-NFET
to;KK-ÞFET
to;KK-ÞGFET
to;KK-EFET
to;KVK-NFET
to;KVK-ÞFET
to;KVK-ÞGFET
to;KVK-EFET
to;HK-NFET
to;HK-ÞFET
to;HK-ÞGFET
to;HK-EFET
to;KK-NFFT
to;KK-ÞFFT
to;KK-ÞGFFT
to;KK-EFFT
to;KVK-NFFT
to;KVK-ÞFFT
to;KVK-ÞGFFT
to;KVK-EFFT
to;HK-NFFT
to;HK-ÞFFT
to;HK-ÞGFFT
to;HK-EFFT
to;OBEYGJANLEGT
fs;OBEYGJANLEGT
st;OBEYGJANLEGT
uh;OBEYGJANLEGT
